heart_rate,hrv,eda,skin_temp,pitch,energy,work_hours,financial_stress,weather_stress,stress_label
98,48.47781429210093,0.7828447629568382,32.179153894092025,132.44668115649586,0.7726999659370246,10,0,0,0
111,80.62768883714952,4.191158160316566,34.27233648317643,102.5215039951518,0.526428845558152,12,0,0,1
88,21.15147909038047,4.923570685447405,35.013054719562355,211.9511367276765,0.15206000450244456,9,1,1,1
74,29.2858112405533,2.6758818932831607,31.908368005134736,205.47992442453528,0.9620108208893835,13,0,0,1
102,23.68021136174022,0.9412285006566872,32.89484371067746,243.8707244738317,0.948451887184701,4,0,1,1
67,23.25830418551761,1.434305899944908,30.853202653358633,278.05161060356045,0.8066705888335676,10,0,0,0
80,88.43684672088058,0.190114315082587,31.26804544674276,115.88131692860591,0.9921951114077985,6,0,1,0
98,76.29262875040189,4.580064152146445,34.76782497775488,246.29929806807246,0.5900340995202367,8,0,0,1
117,57.93390632698602,0.6769803061616916,31.27006843386939,137.48238881951644,0.9664915152278855,13,0,0,1
78,27.82673285208012,2.9249307300198426,33.67614368566942,271.6354106314328,0.1680445365550757,7,1,1,1
82,59.32927000934659,1.4428705813673095,34.96332383205703,263.81270277233125,0.4291126734352342,13,0,1,1
70,57.87774166244525,2.815472212327388,30.748138461663206,208.15875099710888,0.30284314120608924,8,1,1,1
70,33.856149592801216,3.291959902924135,33.97118553740233,242.0485597246623,0.276249775720843,8,1,1,1
83,54.70813193903784,4.165734838165288,31.795939485909546,162.8700226367497,0.2267226540034085,9,0,0,0
112,51.88037875178988,1.1114642316269558,36.74048812666306,194.23357978656293,0.660172277409397,13,1,0,1
95,69.26800784417732,0.15387956042655435,33.384819527039475,264.3273795420943,0.8031896701725746,13,1,0,1
99,70.8074920694115,0.7707395873371556,35.641947848426106,191.85303943464277,0.6204685594783246,9,0,1,1
83,23.62432078176356,4.510091345055715,33.85158579509383,171.55965306508836,0.23226643862938873,11,0,0,1
62,49.9690091701177,4.382061380056324,30.303887729983735,198.84248945006,0.8300113929401238,11,0,0,1
81,70.0687932571389,3.027324200634511,34.432059629158154,265.6498504874437,0.6723592364473556,12,1,1,2
112,60.250900686407014,3.042532616124902,36.6598233954466,167.04160947417455,0.449349135514296,11,1,1,2
61,88.51918729506578,3.358679705276652,34.21128274102432,134.75231862714875,0.7067172659824567,5,0,0,0
83,72.69549052951561,0.9593192652549031,35.73432201598753,242.40280406615616,0.33391448131854956,13,0,1,1
103,33.034754166514375,4.580618535032303,36.189445243438854,265.1956425416164,0.41067298764478943,4,1,0,1
89,25.645499792034386,2.1519755719711586,31.596558403642526,120.12749570470666,0.9257372588187912,13,1,0,1
97,71.39354225650524,1.9773787884225378,31.484313879357586,147.97482255118894,0.3614540551042784,5,1,1,1
61,22.120904843329747,2.642696755885904,34.276866921956945,128.39439795219877,0.522989441342143,5,1,0,1
119,66.86204650187706,0.33013323719776977,32.877199288646935,169.58828231643332,0.9011270236564132,6,0,1,1
80,95.2184193139966,0.9147885069047892,35.879029120067045,190.07019578108253,0.7369492152407747,13,1,1,1
92,66.03793423007032,3.7163647204892154,36.30016186378608,249.7652673926613,0.1559829035482325,10,1,0,1
71,51.05359409652175,0.5057134728331197,32.47394965511903,230.22951697633482,0.23257273985107332,5,1,0,0
117,71.46305747538825,3.0554453363853025,31.658093912821375,224.18571349568623,0.10705743169472515,4,1,0,1
81,56.660231239321334,1.3022106374384728,35.463678606707035,170.47498932193088,0.6678296112062471,9,0,1,0
103,63.6493431452748,2.007548508805685,31.923642248836952,268.289510616952,0.5029060828693765,12,0,0,1
84,95.317184702122,1.5145993101764295,35.75830022959575,194.2574334796329,0.220847365812048,6,1,1,1
108,50.88821102406194,1.842796310678251,32.96616777554134,295.8209876030309,0.9621407089510934,9,1,1,1
86,96.89524510591313,3.6233249354028034,34.672849295040294,226.82842765914737,0.576693751551058,6,0,0,0
118,92.4280513564851,1.5558964065535579,30.668747196842677,125.25294831290054,0.3177039647016003,4,0,1,1
101,35.663290783143715,2.8753827374547964,34.36701527273601,235.2355124150868,0.5505432140392368,8,1,0,1
87,25.548904070013236,2.4326469707755884,33.1623737511606,165.0208030863398,0.711658299461597,13,1,0,1
119,28.062240110194132,3.3519887102769763,34.10625924222832,237.26543933721948,0.16861529617620802,7,0,0,1
75,21.45774605212398,4.6904657226913145,31.176099454214043,113.92822963248115,0.34723343354310277,10,0,0,0
74,27.555436860474273,3.6896032763302267,35.15811621460927,134.97628743519186,0.8262689417955943,9,0,0,0
106,74.64054187330855,1.1532078550947082,36.0395795428026,271.14745178115726,0.5136983833623952,13,0,0,1
110,25.695091876818317,0.2527973618002949,31.51717860063543,145.43591140470298,0.5919194278290655,10,0,0,0
103,45.5180504235009,1.3850938170691431,30.67000188864113,267.408225048588,0.4895344019885224,8,0,1,1
114,87.59002487755636,3.015881860431249,30.165470102324356,155.85521769088209,0.13950994837870462,7,1,0,1
111,21.86175485886607,0.3519864860728268,34.49380050310286,228.57638201174154,0.24917480183814034,10,0,1,1
116,85.15747860711487,2.5321946112860583,34.249658252621465,238.8301147019662,0.5009874748677018,10,0,1,1
62,42.548381981872,3.0245299596927575,33.82688188899849,202.5309506290106,0.28826691886713507,9,0,1,1
96,29.4531862097325,1.7377950650031082,31.623629672811827,161.06213533934624,0.14498112579371086,11,0,0,1
110,75.73897322913206,3.877469798354528,32.736341971338604,142.52887527421922,0.8592846976466414,7,1,1,2
66,70.31542774239071,0.6223314403554818,34.161334346303214,106.63787091248524,0.9830732762477042,13,1,1,1
80,90.19776108216423,0.468175130505463,33.47736801201418,160.78928024814476,0.8138285865970655,8,0,0,0
68,78.80568350431086,3.6681249053976566,36.91449864150421,230.6325581062566,0.8684064295342003,7,1,0,1
98,84.27847443078788,2.527907449410373,30.955078267897132,287.66096368969653,0.31777941728534087,4,1,1,2
77,42.562765805704515,3.4731717424959068,34.866011878333154,274.2408964526104,0.9645642779618798,11,1,0,1
63,34.195163502377824,2.230653959158357,32.83023137673005,253.21295530706053,0.2772331340080856,4,1,0,0
84,80.04918013126867,1.3073699628716235,32.99739730447931,257.6894686506597,0.956286829325649,8,1,0,0
119,84.54677914138112,4.113601356603579,35.023184359607235,232.99698069519906,0.995337364569356,9,1,0,1
73,99.24041136005387,4.017137806947998,34.847053059270586,152.0573715132006,0.7405505251714438,9,0,1,1
109,53.00941415291412,3.5040127071866913,36.93879195591532,281.439006141166,0.9830293586126397,8,0,0,1
117,49.761446863422655,1.4335111724268175,30.898760026178877,234.1464623811668,0.6125858016103933,6,0,0,0
68,82.11303685935974,2.992130267658527,30.728767545689163,212.08812619608798,0.3335876048584813,8,0,0,0
85,47.264283220241424,1.8687720950061315,35.07037171990119,122.19789384269622,0.49329629709905876,11,0,1,1
112,94.46058604828518,0.5487521593005074,34.048708419044864,189.41110876128508,0.6342048418409073,5,1,1,1
61,88.67302014744095,4.59483651976499,31.91912466591864,192.07165424038527,0.1657734058243135,9,0,0,0
79,54.319522190001464,0.7704112915029109,30.555935582922906,272.912721904534,0.6601089381555215,12,0,0,0
87,80.06968542331978,4.756163033721932,30.599607747175014,209.3296440375577,0.983060053086065,11,1,1,2
106,80.36342992677459,2.2854282874939833,36.259336122648826,176.08010979408192,0.2710968848053549,11,1,0,1
119,28.24990950687461,1.0071513513092363,31.3430712730312,295.36006570213186,0.813335604659545,11,0,0,1
66,92.20423253436533,2.755314642153955,32.26360093480864,122.14411866526314,0.9171089144016574,10,1,1,1
103,60.42018979582857,4.3774345957944005,31.586594815588917,184.5096856623889,0.9493314335381987,11,1,0,2
67,86.11659728861933,3.68790194340685,32.48497414082356,108.40493503428105,0.9641220439649025,9,1,0,1
106,45.603968082448944,4.052149624521104,30.485966899222653,247.98082415338607,0.5693136748493247,5,1,1,2
94,91.64185827969604,3.3280384968825154,33.633418536357894,283.6153104398301,0.9795771171923533,5,0,1,1
73,51.13613429873305,3.4921551661374775,30.473287945145504,156.0074659100979,0.781579186420995,11,1,0,1
76,20.86701211842387,4.261058692670065,35.60249555475653,271.66833535982414,0.24550429261326573,4,0,1,1
95,92.4305581135411,1.3233732434100114,31.63598457337303,158.44364609237954,0.529210095821173,9,0,0,0
109,27.302934142890685,2.4981823218513886,33.780083402231575,282.15403232878305,0.7464980578348036,9,1,0,1
99,45.54509100723319,1.1839262649160511,36.16055361293021,250.7923807193568,0.322606284237175,7,1,0,1
63,96.0049573640644,4.93957323918357,34.55614158333036,260.9813553682877,0.6765536651939986,13,1,1,2
61,96.04857175500449,4.725890764464405,33.73070450585935,103.6013111200909,0.6999404311419573,6,0,1,1
65,65.87503104986288,0.29319137570567894,32.27033627180763,292.5620714148052,0.2464297694277093,6,1,0,0
113,70.54697697358394,3.5573183453268737,32.33101339140739,245.33419841406464,0.6085767812074806,4,1,0,1
101,55.87564175826558,4.633716755336763,34.68640868638733,160.95021907722668,0.7944642198807469,6,1,1,2
63,43.456861735845166,0.9848191911239343,36.95897552854817,265.87893297176936,0.5490060980823478,7,1,1,1
113,46.29316362959328,2.8829316297078846,34.63287432894565,156.304239682986,0.1108928050984967,8,1,1,2
88,73.80147648616307,4.585892658181405,33.90448392159018,274.5507679132256,0.10813462217136297,6,0,0,0
77,80.1899623550144,0.2663352950704143,35.11455357167472,122.5160780823874,0.42132640957301093,9,1,1,1
85,83.32632349806788,3.517359309509516,33.256439285986026,240.73719549215915,0.9335746615886038,8,1,1,1
103,83.16945142356431,1.5570101361254989,30.420996398205496,208.13969532898207,0.3058091016432479,6,1,0,1
93,27.29648824389523,4.629541357344999,33.936077711145366,119.30689403908816,0.6709273199845184,9,0,0,1
69,59.553624376206514,4.858185401310302,36.70337699153766,148.3787656517678,0.29986828362398854,9,1,0,1
95,24.604700801331543,4.726905796655826,31.227120596503617,102.48080725546296,0.38950299069359373,11,0,1,2
73,63.96231058589884,2.423649661621573,34.83003423574466,193.75359309290116,0.8632378806413356,5,0,0,0
90,55.32244010987016,4.324008989847636,31.406535820613396,160.25305215200007,0.7559752980429522,4,1,0,1
107,91.01633462066398,4.238292052821845,33.750793791311565,219.67149685955178,0.18585934958188957,7,1,0,1
74,48.07320100416629,1.6635923188919528,30.676735147527037,159.44756154172345,0.48583181888779026,10,1,0,0
67,29.36536131420847,4.161685823338319,33.1525965538073,159.98382230139694,0.12625278728073802,13,0,1,1
73,31.43933456422687,0.28133741010591384,35.29314330226672,248.63863974632068,0.5328011319427081,6,0,0,0
82,80.92085053739778,3.0217224045620603,32.43300066967287,109.62856719567068,0.6961906105309613,6,0,1,1
119,69.45744506530089,1.2270433027097452,34.654382071410524,280.57899903839746,0.2066523612383364,8,0,1,1
116,28.08981408982322,0.6907777403086662,35.5681497255281,270.45277487823626,0.3599964450182491,8,0,1,1
99,26.728544489199795,0.4770706879831249,36.49024473635617,233.56093664528132,0.4580529629519412,13,0,0,1
80,76.0775305167296,3.5118150018028853,31.642494572988173,218.64431402147687,0.9275779221904448,6,1,1,1
75,25.821040509135482,1.7653873224635244,32.79521141066516,278.46049962793046,0.9939295138806676,12,1,0,1
104,85.7488047432285,3.6513571804909315,31.066912093312922,137.0660359057429,0.1404201690960543,7,0,0,1
77,76.4993781725197,0.4202460699148176,36.947384515108624,115.79383243816572,0.7849071311458529,6,1,0,0
106,26.50790245135198,1.644922655369991,36.48900677547007,147.9020339819076,0.43455165976210897,5,1,1,1
112,26.787017126815353,2.743507332639153,33.77969991196392,258.91565574003806,0.45321236760653205,13,0,0,1
83,98.93116628009403,3.974543507710922,35.894233060634946,106.93405334529666,0.7788384760123204,12,0,0,1
85,49.941663660489624,1.6618872643671427,33.646705840904296,216.56136701669794,0.9265837889308678,7,1,0,0
84,49.65137176535127,3.166867744541345,34.36509981601932,299.087503238262,0.9558357350522936,6,0,1,1
119,85.0239653806002,4.441290966357317,30.623871024812118,271.1392187675079,0.6194103274344887,10,0,1,1
119,95.7798861907087,3.1177296220932926,35.28689294347765,204.2891378087179,0.4214090433704526,11,1,1,2
119,98.88008510582966,1.2415014262928057,30.893994385446643,112.72818185732847,0.8087941772729014,5,0,0,0
104,80.27025482071534,0.2195638296270363,35.7824734117677,266.274702877142,0.32590124493607026,10,1,1,1
100,50.10076684247326,4.363484482114556,35.4741966136927,219.79570163544213,0.607666625950166,8,1,0,1
88,26.6800573358935,0.20422011316689698,34.96121288420083,122.98659941191337,0.4227206153723858,8,1,0,0
74,82.17175327419494,4.386038196152577,30.253122663673334,118.77145696467124,0.6909679663370885,6,1,1,1
104,64.6723399788644,2.691791956733339,32.1218984916173,281.92536388731844,0.3163590216041562,8,1,0,1
60,53.937760739758104,4.701431722713191,31.8417879893759,233.84005258761567,0.2724336511613432,5,0,1,1
84,92.50835080757888,4.014037855290961,32.52095485230063,265.8573598633511,0.9264151780078934,7,0,0,0
66,28.895798584492105,4.989877141613354,30.61349922734687,275.79578005645345,0.1916233146545832,9,0,1,1
68,59.41000834326873,1.8184878957133799,36.55870476121744,214.35447040966443,0.5553621169614386,4,0,0,0
83,20.908291581393527,3.8592226157625222,33.87661568498663,203.48927035100826,0.29876750466670804,13,1,0,1
60,57.4928513595301,2.069461476685287,32.13867017460616,186.08548206419803,0.13503696699310072,7,1,0,0
103,24.504262054546988,2.4513905394891538,32.778870619519985,163.38931755822387,0.13241693646228375,9,0,0,0
67,29.505433301445755,3.1747767697700136,33.13041778353385,186.91919217174234,0.25769959489524463,12,1,0,1
83,29.40209974216839,4.38101785951306,34.20416033352432,254.77593114603127,0.8800933190554002,5,0,1,1
70,71.93682416928509,4.922008999076546,33.60975599387548,220.38468620302632,0.35423086957932404,10,0,0,0
110,79.68359034123387,3.8645397279361395,36.435743812500924,278.50465799096924,0.9554132535177662,9,0,1,1
76,66.66950120777277,2.1470572326199355,33.478744380340814,188.67600287583753,0.6234600636902742,5,1,1,1
67,96.97380387796335,2.164649311157644,36.94510610376319,221.4179157437508,0.4929527707918895,11,1,1,1
94,49.98964636189633,3.714153277785569,35.95997470421567,226.26151061839775,0.6220799512025091,10,1,0,1
94,42.85696690254886,1.2700080142646817,31.45957360050135,218.33943246126512,0.565028546703641,8,1,0,1
92,89.48793025515683,0.6413231543438338,36.514166502507415,240.52675461710328,0.7828986283815926,8,0,0,0
118,37.88766708155621,1.8376485724398053,30.814564785198332,147.48669367496126,0.3542464593755671,10,1,1,1
64,97.0578031552489,1.5074710591050007,35.72214795943834,202.47275550915813,0.4177453524402721,12,1,0,1
101,20.972357975185307,1.5519097902343517,32.664363054336064,120.84496056166954,0.9046848722799257,12,1,0,1
98,97.59030613661112,1.2446779801445589,36.14582024311549,176.90226552896252,0.9518108618353649,12,0,1,1
117,23.45279295604609,0.30625662921817326,36.07639683075215,197.53341372425288,0.9033024047378271,9,0,1,1
100,91.29144909584569,0.1875822801937277,35.641477800823345,230.4448519090945,0.4775031945615822,13,1,1,2
87,62.21608872690399,4.939839709706555,35.53021305414943,290.1062105172407,0.8023289527061935,9,1,1,1
66,99.43718368954403,2.1960883553057258,32.132753973686285,220.13021330967118,0.5287021599709889,6,1,1,1
68,25.90372517883191,1.9832005710824405,30.566434981358764,248.71878323531195,0.547785866931492,4,1,1,1
67,64.30834275210566,3.4302716851960424,32.82086125135613,201.25321189904054,0.28421209815155557,10,0,0,0
71,97.54420284952792,1.1694440505388146,31.21467160490556,226.82080627526625,0.6320172729326649,7,1,1,1
93,61.847827533611905,4.754809801356104,34.86465762231723,114.18644322675469,0.26752230797801313,4,1,0,1
92,70.351891050821,3.9530905706362054,32.4226980857645,150.8783161683694,0.39840822916047436,11,1,0,2
107,75.65989511876937,0.5381139113300717,36.8292714060194,172.37061864102773,0.8695271814579416,9,0,0,0
114,56.36328518142186,2.146145801346149,34.48680454141733,194.4986710013027,0.2863682282897697,9,0,1,1
82,70.20464640672508,4.407679707054607,35.757363945440524,109.12974910047674,0.16404245665608952,5,1,0,1
83,66.74514495384801,4.72918690922791,30.92767270919294,128.00481951066354,0.1621068333515347,4,1,1,1
96,92.09264083927911,2.3902674051243618,36.03410137590836,155.36286155826116,0.9467060684527971,5,1,1,1
94,23.63571042731663,3.105715807132468,36.45930033359376,294.30653818021017,0.5562283941656512,7,1,0,1
103,42.477055167378424,0.9184663358511687,33.40943343173255,166.26940142061017,0.4684708646353165,5,1,1,1
99,96.0329187261247,4.956726268071185,34.24377056425684,196.4082116224165,0.8297907229071266,4,0,0,1
81,91.2211027112733,1.2351913367788727,35.353668606320966,139.2195425476786,0.8522433351194644,10,0,0,0
86,56.45254022285704,4.719385693262116,31.22387039082289,222.15601421515365,0.39897192980404417,11,0,1,1
94,69.61060782412294,3.2832685800626056,33.517962535244095,156.13664310319487,0.7242562517264157,9,1,0,1
60,42.19049463849061,3.07791029490641,32.79064119440619,141.39851568768535,0.7940105342666979,7,0,0,0
94,35.0496927779009,2.6121737039808925,31.024617945135745,203.31452568919582,0.6891856181793591,9,0,0,1
96,57.09587239519857,1.2302820774170178,32.57274095604072,101.10115983208416,0.23643556732008944,6,0,1,1
106,48.268178242084225,0.9649873568269905,30.477206165698455,101.53280652984506,0.8882947751653513,11,1,0,1
73,66.69248894806977,1.1803824244438594,30.180683348646408,143.81376182037155,0.5851850974624079,13,1,1,1
62,26.218770957198785,1.0135474845068473,30.94616402408376,107.34427250016422,0.3542251837330034,5,0,1,0
60,97.95158461329332,3.9199639204770915,36.741805781124214,121.60515082613827,0.4827053668939245,8,1,0,1
64,98.89685955836823,1.8156137699169776,33.84670675126512,167.77212986775032,0.13381398135901665,4,0,0,0
85,75.85293712157961,0.38342911516064226,36.76075512807254,260.51713591596257,0.21508012110017583,9,0,1,0
114,62.88770930752963,4.848602887689975,33.02748514831092,214.40972867386017,0.7889920754642747,5,0,1,1
73,44.76220930290622,4.430550836320786,32.18271293159682,202.53354519128328,0.10001047127982954,7,0,0,0
98,85.10360157655589,4.645986187656543,33.54299303988171,158.69776464162433,0.474909245634063,9,1,0,1
86,74.77849380431034,4.975048330967533,33.07658182043037,286.35074388656324,0.5702591629770296,13,1,1,2
68,33.00935514759131,0.9520867211754878,30.739652789832206,179.40300824743832,0.1491709780008751,11,1,1,1
74,92.8741747595074,2.041585892623028,34.48578420283145,117.4185533591543,0.9757703466750995,11,1,1,1
74,85.80297943385352,3.815368530950048,31.512267277567197,223.41330322356026,0.3035127981247048,9,0,1,1
85,95.98399306335392,3.5105010284635823,34.33711568428481,122.76767869532028,0.3737788476726528,7,1,1,1
101,78.0575606710688,0.8540899410652898,34.55140764678708,169.04462856033842,0.37354826102952465,11,0,0,1
119,69.07321567486319,4.097582312454027,31.064173971900537,201.4823877435618,0.3073749959056149,11,1,1,2
72,53.45944290324951,1.1997588019996375,30.429447389774676,274.84450493703514,0.10132643987768028,13,1,1,1
110,94.61827866832107,1.1967063126308533,35.46533110247908,198.70931606802372,0.7564103146791967,4,1,0,1
91,89.28511116003267,2.7311746721777266,33.21860296638524,240.45175320633285,0.9701609498193569,7,0,0,1
98,23.617493608495153,3.005405680724346,30.40714656853833,298.56336779981405,0.3018641349565406,7,0,1,1
108,22.109357959780162,2.942422418405275,36.96406422018837,126.29782397959633,0.6967424726230802,10,0,1,1
111,50.117069350243966,0.5482855032489989,30.404463926974568,154.9463051039039,0.7677066942628435,10,0,0,0
91,84.84426646254663,4.399558226888864,34.865246602009876,178.91521511952928,0.8635828411814722,11,1,1,2
63,98.98209034519556,1.4014402086846598,36.8857524768439,184.36563570776627,0.48036627731224824,8,0,1,0
89,32.033351288282255,0.7346231142857405,31.67426072951148,182.20421505310915,0.3726378150763864,10,0,0,0
96,67.5304572281708,4.454865591357988,30.99574558081037,281.522200511311,0.39276562062072806,11,1,1,2
82,50.47126853048172,4.782692341325792,30.849694575957002,242.80652889337128,0.7413591997886615,12,1,0,1
98,97.59315182516826,4.324425324600708,32.12292603297317,221.58104281814076,0.8351015198550724,6,0,0,1
104,87.36951385085669,4.0666287661519025,30.707320677074527,161.87454357255643,0.26345257098094244,6,1,0,1
74,87.06629637689103,3.3106857051312066,34.845129391858926,264.75807684425894,0.4338469073419887,7,0,0,0
102,57.49545278359762,2.7992011159847827,30.43604258691044,291.0121022969978,0.911746177074235,8,1,1,2
88,53.185560187013216,0.5262351235659097,33.56595489704853,264.2396565100453,0.8260241677252653,13,0,0,0
95,41.8725657544565,2.101420744046424,36.97687797697084,100.31302103829458,0.9863725624862283,4,0,1,1
72,24.51003973207417,1.9261737333603388,35.697791886542134,227.28027403668142,0.7788234337138726,10,0,1,0
91,89.17779010040425,1.3727935404255986,34.306536067617074,110.22707628842015,0.4538756809251301,12,0,1,1
66,85.03208073040621,3.6447585570740664,32.143775345506285,151.52144406674438,0.631574050595174,11,0,1,1
118,99.97741386289044,2.5297911018859773,34.36727085404147,111.90494006955434,0.6949128288225883,8,1,1,2
110,99.73094696591244,0.4971264579474749,33.689290247381564,220.75909058987753,0.17061023468541156,7,0,0,0
81,64.4345364482102,1.1788976895540757,32.9825836872326,237.31798269852135,0.5900472631934786,10,0,0,0
87,81.51899321444084,3.44796794193202,30.914972637181396,122.89752761318103,0.7383887456253486,8,0,0,0
61,95.58125839059424,0.4730412115024709,36.206229506683265,176.76777660899592,0.25058917360095434,10,0,0,0
101,87.97179125419292,4.270913878838966,33.148492541749256,191.24730179110838,0.8025685456830014,4,0,1,1
104,39.78784813945581,2.5262179823684745,31.362357582745354,173.8106043521833,0.6253955024627005,4,1,0,1
116,56.04353082480748,2.4548742289005756,32.57431545614103,124.2050000970386,0.9569996071278352,13,1,1,2
112,30.3327532121196,3.0027981448316363,32.89890826770249,183.78955803749508,0.13818006838620253,6,0,1,1
65,96.32408218069779,4.1409367330332305,35.79276526896812,250.23560956168362,0.3387935237999203,5,1,0,1
87,68.49397075607041,1.8042651187207461,35.13530066392981,114.2015329066511,0.6413984913698416,5,0,0,0
87,38.29142444027702,3.422279147539412,35.385134255489376,116.03600281638069,0.36690392098533764,10,1,0,1
103,73.73605475246853,2.8720866235793765,30.07721885100053,170.95425836719684,0.742981747664118,13,1,0,2
103,69.45025923663167,1.4084385238301647,32.91307798725833,288.345142323785,0.7831047542697379,5,0,1,1
79,48.65301744262724,4.405286933140274,33.369409061447264,233.71452934458281,0.19226436765982702,7,1,1,1
89,29.08460737597032,4.007387505873948,30.134345937761395,235.73399133451295,0.5624690177860909,5,1,0,1
70,73.72585564742397,3.3264139898262854,31.81869246121524,172.383998167573,0.5580015000319504,9,0,1,1
117,61.62461607230347,4.267850472561785,35.322028761854945,218.73215824170768,0.43235269319398695,11,0,1,2
114,81.78547133885115,4.349741584703032,30.959767940102992,102.02623680554868,0.9396323763127049,13,1,1,2
87,61.61308008895947,3.5709785859036707,33.747170920168145,227.21920928190843,0.844755687885899,7,1,0,1
84,88.1745200254832,4.201365308981993,31.50641310412066,282.65738951524736,0.727488443718673,8,1,1,1
98,64.15254710195885,3.51761016217949,30.084845422507254,222.51469366896384,0.7428939721614978,7,0,0,1
92,64.87503772283091,3.4326897816254722,31.68841020319679,274.73971869326897,0.5155445294318072,6,1,0,1
60,90.1322882126676,3.1311957532544032,36.831116284370374,244.79461109321875,0.9288950689869183,8,1,1,1
116,52.27862929699177,3.7883115338324425,35.610759783180924,124.11168328073805,0.7251358845279569,12,1,1,2
86,30.72121827605126,0.8771650159360612,36.71703651024723,280.49066145716836,0.7560829554902347,11,0,0,0
116,22.302614105067118,4.416266720074749,33.41497830748454,113.28876887115497,0.8755218134086107,11,0,1,2
111,80.41098045388952,4.372033285951637,30.768153390742526,206.79349450955277,0.3466644304079719,11,0,1,2
72,69.62476410827718,0.24331168686933982,33.83571642281585,128.42742475869153,0.8263638134800327,11,0,0,0
100,76.32638144793788,4.146502077767337,33.180641341919724,102.34132214618081,0.27571654266084283,10,1,0,1
62,37.03713292071286,0.7314623506198815,35.91049957917731,184.4068520255278,0.41080775702039907,11,0,0,0
98,30.90971804694158,1.7420823858697956,30.686578065489712,159.00814153083124,0.40204940884285845,11,1,0,1
65,21.163573253430556,3.7431904558288784,33.417687959152445,197.20009875952059,0.9806729215502265,11,1,1,2
67,48.04700470452776,0.8877234906367102,31.05034065285789,215.43997734691015,0.8708835013731342,13,1,1,1
86,67.19341494837064,4.108038418183405,32.27273148823042,108.74781446178947,0.7310528754312338,10,1,0,1
68,51.379523607978584,4.177457471992935,35.1614995417146,124.60065902474912,0.7543510854538511,4,0,0,0
96,54.99799376189833,2.5865918954280978,33.33212690558137,211.7284792900851,0.605865514962314,7,0,0,1
92,92.33269555949987,0.13129077141248455,32.63121799602038,168.63347063453165,0.9523816003976672,7,0,1,1
110,47.86043736186403,1.5064868525570727,32.761333949990245,245.8346975098896,0.5466328775941254,8,0,0,0
101,61.119159132784866,3.122941900041137,33.216127378841904,230.45832971838794,0.4424659388829051,13,0,1,2
103,82.69224101929144,4.907812272334375,35.495115806859395,269.12087259798136,0.2467318032384319,9,1,0,1
83,51.72342258570161,3.195886282381675,36.24459282258164,238.49856533384505,0.8075850870349521,7,0,0,0
74,69.76693601822987,1.3730375472143832,36.6873428055275,185.98621547802964,0.7609995388680323,5,0,0,0
118,88.98909669973962,3.206627945188096,35.50832370378706,234.59332447888647,0.4459195346717214,9,0,1,1
113,95.96164989261138,2.7459283606076923,32.20784827023609,155.0762348510837,0.12267407256330642,11,0,1,2
91,31.765878474323035,3.921242436240604,34.81694294260579,161.26269975564253,0.8550975949462096,11,1,1,2
91,94.12701001291956,0.6242051302520962,33.06322186838774,257.79703198415865,0.11027618510866627,10,1,0,1
83,59.369303446363055,3.8290367222599375,31.78269435432236,189.28390328031645,0.7333298016661458,9,1,1,1
100,40.659551063916666,2.752206235512941,35.886101055981456,259.6760681036705,0.9732313987534513,5,1,1,2
111,56.7308604990609,4.818660818909073,30.268984442736276,264.4844747336557,0.4938951953333831,10,1,0,1
108,98.40260602283817,1.775173613589562,36.312333944947966,271.5124675322568,0.3114760644963575,8,0,0,0
108,59.40944751942957,3.199847276356346,33.23034225237314,283.32704716824145,0.7343839090390435,9,1,1,2
117,46.300128823000655,4.666937716999086,34.46041033765796,186.19704410265925,0.8354153278140266,13,1,1,2
111,70.67206834533806,0.6022976671543284,34.61547745544048,163.77336366422776,0.5917872844700626,11,1,1,2
71,39.21164950225545,4.692419587458611,36.26582418494576,216.43974931882278,0.9703317477305315,11,0,1,1
98,26.06906624869311,3.470640039273986,34.45668777517045,174.2344846875255,0.146501849492165,6,0,0,1
61,30.310377752851938,0.43240158961534236,34.297535093320434,220.2148333600466,0.5543160384740753,10,1,0,0
62,30.243667116621793,1.5747214780393999,30.46656428392483,241.1171725287649,0.746608552590295,4,0,0,0
108,32.15221548098355,3.57004323436188,33.628856153616425,237.68100369842736,0.8763764240342611,4,0,1,1
96,31.10617381195281,0.4300179471969814,31.05118300571929,174.91057740402425,0.26133005071701104,10,1,1,1
108,71.26997958425717,2.9526352548637393,35.1620363810504,133.37204033975055,0.8200031335873132,13,0,0,1
115,34.55040675193159,1.7948269790694882,33.585553445688724,186.1058676924415,0.5974363681466908,12,0,0,1
76,47.65338266590906,3.142486037060638,34.761594454458475,128.51882881638176,0.4568983137909669,10,0,1,1
118,91.74307279248094,0.324135965681313,30.29171030421669,278.01940703676166,0.2185435257211842,13,1,1,2
108,57.916931221029785,4.370530350146644,30.59354411232062,169.17549214757148,0.8787661830180211,8,1,0,1
61,73.40461908168217,4.870095948969245,35.014263716438776,130.89194944466476,0.24154588736174382,11,1,0,1
61,33.78558969613039,4.847501490899888,30.504590351990714,105.08955198115018,0.37880907328818936,5,0,0,0
87,35.38312150469366,3.7732939755403314,30.49879709435681,229.16447725729685,0.36104097876619323,12,1,1,2
113,23.26948930131831,0.7374225766400967,30.08475932664421,227.38046349094864,0.8842726307717689,9,0,1,1
82,33.514805045773166,3.815489660052211,36.69550978809636,168.1208333162583,0.7054326947880082,12,0,1,1
96,42.287227122556686,0.22047589064812742,35.162558516213046,114.3423777695302,0.8170132574722351,5,0,1,1
91,34.160838742139745,0.20840540249208656,32.47275985951445,181.9257789790464,0.3254211089132491,6,1,1,1
92,27.096202700564447,1.6856900738327523,32.07574906901359,162.2434990126787,0.662386689646299,11,1,1,2
60,29.650869688048065,2.4943516329828626,32.44792260822095,235.42412794700186,0.6145713848293738,4,1,0,0
78,56.86230144261806,3.874996347258187,35.42257471826827,221.15584989053806,0.849547339109444,13,1,0,1
61,36.5066974724634,3.4481473453718756,34.6295942774929,172.91874563950802,0.9154783544331345,10,0,1,1
112,49.14158888384604,2.284923261246067,31.296368975072276,143.57851085099801,0.11094109432964813,10,1,0,1
103,60.27338166838855,1.440770664780163,31.21876534733859,297.60719323111834,0.7066179271529134,4,0,1,1
85,75.23158629034923,4.985910050772785,30.688769547993783,190.80032423922296,0.14665221920775612,12,1,0,1
91,23.144971187287915,2.188288380956268,34.622119037909364,237.65484715604742,0.5939727985696204,11,1,1,2
65,83.95283191272341,2.31179641921541,35.35060863555215,128.11059351567215,0.3588694561393104,7,1,0,0
91,70.23203115927262,0.901756723839179,31.855324998275027,197.11793993187956,0.3760989395699271,13,0,0,1
114,26.540722555909753,3.9945667888746543,30.146614727216388,105.5073439738931,0.4176626531071209,8,0,1,1
63,89.88628992854218,3.4990429063292945,30.57520167233499,201.09102358208997,0.6591632041446491,5,0,1,1
114,93.66979204254505,1.181771102664926,36.775020243915215,292.80348142354046,0.4006449691018923,12,0,0,1
70,24.8862367883891,0.5036671235176292,32.06811344234194,176.84134259716006,0.7594291455312524,9,0,0,0
115,42.1502118517763,3.4344465801660946,35.38456203486693,107.79920251498231,0.4640746470164827,6,1,1,2
118,84.4961023834449,3.307104949977563,34.372644981979846,106.19115818386871,0.16151788027896277,10,0,0,1
76,79.86077523069267,1.438971682291226,32.67357747757027,177.5973519893739,0.8053838582356965,12,0,1,1
97,34.76168154851018,4.7592314550270105,31.439810835368885,132.00498729263882,0.35718249213343545,6,0,1,1
83,36.747945866936824,0.8401836697264111,30.849704927115845,104.67041926563718,0.4894901916393364,5,0,0,0
64,49.63776822331056,2.2184405251087496,34.30509077627207,251.24272279003537,0.7168994948997114,10,1,1,1
111,58.761838815281706,4.723718008821234,35.42243646446452,191.70460177637813,0.3992105414338408,10,0,0,1
93,69.46038172242368,2.1566638529379993,34.50732977478791,157.8489543945309,0.15092709053204406,7,1,0,1
65,49.51309116558179,3.2287771435540193,33.71211493274411,280.01663660329615,0.4365289423115323,12,1,1,2
81,57.002777290651835,2.048212550017692,30.293658564021452,123.22779204010513,0.9500037244248731,11,1,0,1
70,79.79767505070052,1.4436544915084832,36.779421443160686,291.1837657910638,0.6775609575687024,4,0,1,0
107,22.934656231247832,4.921490475003158,35.59099934158202,162.79334347547058,0.7043312338004862,4,1,1,2
75,40.19495554752166,2.105736630943711,32.04975425690675,277.6807344617363,0.6690539382738758,8,0,1,0
92,77.0679668707642,4.481086098027759,36.85979230551195,220.58857529589233,0.27909292506349315,9,0,0,1
68,91.61654701497595,1.2267775688663225,34.21317112745425,265.34147194829745,0.47650047769205217,6,0,1,0
119,60.93419536925329,1.1442130497229084,34.07695860745073,296.8026326420928,0.7758458185269864,12,0,0,1
118,62.569078821225254,0.2525570061341057,35.236512256006726,157.68108756374914,0.19123560779784324,13,0,1,1
65,28.573760907182084,3.293167444341837,35.682388516630965,292.2270970815186,0.35006749848074104,9,1,1,1
75,55.79298934587637,1.9057790842464297,34.59535025132052,177.8963789804841,0.34868719761926825,7,1,1,1
88,62.60938131640185,4.335355424214222,30.8966702245634,177.10238094738446,0.48881703483505545,10,0,0,0
62,39.39764029077837,2.4187285427886303,32.36787254196149,168.07742085090115,0.9823318668479666,11,1,0,1
79,41.539458475950475,4.844147796782137,36.49658548228235,208.28152146951703,0.16075229201543975,12,0,1,1
119,50.18273304836981,1.0090750269452937,31.572309282906964,130.82900863569742,0.5668308949425356,9,1,1,1
118,21.60569582221811,4.356253522982493,32.605169166862595,210.74229707160225,0.2614282138109894,9,1,0,1
95,45.76633324665426,3.9053245786795348,33.02453818060937,208.3409624820008,0.9736088908687697,11,1,0,2
78,36.91584055972357,3.877517038755855,33.075834927861166,252.380362520974,0.2019731542547178,8,1,0,1
85,46.19978817423317,4.23943781777275,34.29057707746168,266.7299923875171,0.4632409021254321,6,1,1,1
62,29.580970545540097,3.8290175556206947,36.601530864212954,188.0882700624848,0.7640964863511456,6,0,0,0
78,91.2421824591916,3.1684795759939357,31.684848982827535,160.46664987029874,0.7340989852247007,9,0,1,1
79,67.48739628432389,0.7430999006436991,30.850509634106427,151.8669794634189,0.480455773204539,5,1,0,0
91,74.32818553155917,0.25937827950713443,31.382293429019562,138.92476734097437,0.41187175115744645,9,0,1,1
66,83.13369908858706,4.612154454296865,36.20847430146489,111.52951643980498,0.4578511406975835,9,1,1,1
111,59.87537591432458,3.1215865411516166,34.520675688586444,168.48959576694267,0.33784863684277533,11,0,1,2
100,26.953623046993897,4.003032725783264,32.001347524674124,154.04953842615666,0.28479964483611986,10,1,0,1
92,62.968523345483824,2.4594595224114957,35.71162857278032,293.2834771732815,0.534735727803001,11,1,0,1
99,66.94728944167034,0.674810125915733,36.02958997454405,211.54176525000878,0.3416803804608466,12,1,0,1
98,79.6351579347464,0.7134103817924972,35.925600370831944,169.4554078061015,0.35871549840752515,9,0,1,1
77,54.53276369837435,3.45926990742196,36.43248573547688,216.0935201987392,0.6910804571271013,6,0,1,1
99,30.2064242236451,2.2084988850073675,31.76568714121353,127.8393402691391,0.9716835985299029,13,1,0,1
60,42.702072463897956,1.08257116083165,35.28529350122395,188.80874984044058,0.6432734805034376,6,1,1,1
70,49.046583711890804,2.508813279033041,33.22377648091898,225.24686428421276,0.16928152035846966,4,0,1,1
87,71.67337930652809,0.4146237916681571,35.89398987023043,197.77956635849029,0.1680252524686603,8,0,1,0
116,65.66226437351295,2.9516598693805545,35.099434740131294,180.35576013086484,0.9562808987610094,7,0,0,1
84,48.4877380718277,1.4180676817319788,35.43513212549807,298.7696777799396,0.3675617112766003,12,0,1,1
109,98.92121990343837,4.008039593122222,34.5931328637675,276.0629524297854,0.1828602874742279,12,0,0,1
82,68.46198554855097,1.6207735987255116,31.24200138628795,224.68119163188803,0.6391401284353434,8,1,0,0
90,38.97814333887956,2.330578730500826,33.81518843227857,213.87547223645657,0.6612839004612395,13,0,0,0
89,28.1425978096323,0.15694064554969311,36.892688176671555,224.1320959649168,0.6836543381068193,7,1,0,0
101,32.22873113474656,0.45498975019333854,36.56171646547983,140.26242156448666,0.3406618250717872,10,1,0,1
94,39.67661827076065,2.0232184263927557,30.30221615057908,179.02754865286371,0.11359961579302753,9,0,1,1
66,32.85450986076445,2.4517002901139056,31.15370371010606,107.89190657817986,0.9685138325090247,7,0,0,0
119,34.925361924104465,3.0401006857845885,30.922101414181935,195.10920749736533,0.3258037411219923,13,1,0,2
75,42.807613495507766,1.529146635675586,35.08185936989707,208.60491679153262,0.7084236592472928,5,0,0,0
85,33.86988762358038,3.5054112420200587,35.724497308998615,145.5499472206419,0.7359668828908386,4,1,1,1
107,91.74123397011401,4.314599746227103,31.494579564174703,292.80576943310274,0.6490066753715371,7,0,1,1
116,26.418699652931377,3.9212698455774144,33.5409688506628,281.8909221874484,0.38161665479228346,7,0,1,1
111,61.960911165620374,0.29413224420695006,35.8849211960784,244.42864709118118,0.3439866283876592,4,0,1,1
119,52.83174615917292,2.454484041563362,35.129610813363755,206.67732575307252,0.6379014544324328,9,1,0,1
108,98.59028935268852,0.6141578742490569,33.79566043844294,273.993831929537,0.8794860702505224,7,0,0,0
61,28.963112173444188,1.2860205777263847,34.13243383321141,126.13046876469258,0.952060356031056,4,1,1,1
60,51.82844792365933,4.934646707009017,33.55852382841396,258.101958854977,0.19531522396338186,4,0,1,1
107,97.55763466202951,0.7982281602174148,32.082839159231746,124.96416279336967,0.2393457513379479,4,1,1,1
71,89.24057007151842,2.544551951911645,33.95515395001311,258.8421325098811,0.9502626329047716,11,0,1,1
64,85.3657656759424,3.128963098158784,34.82219711435064,155.1535136502714,0.7628817055013133,13,1,0,1
96,40.632226163595185,3.5420783556661095,36.11326041102566,275.4181162036378,0.8946944423467957,11,1,1,2
91,33.67100699120527,2.8422785490858793,34.454039477854735,288.8084187650796,0.28236937072180884,5,1,1,2
118,73.49145759395448,0.14787715235399995,35.32785075930211,129.75919388102312,0.6288272839984617,10,1,1,1
114,94.35007913020686,1.6996604103955604,31.12050144468201,192.5351210130787,0.7310256349757263,11,1,1,2
68,64.54103144111438,2.636787052585086,33.230902320938526,296.197475632537,0.7121006969022754,11,1,1,2
100,65.72901515759199,0.5305458458096834,30.06532133878965,196.6814871946293,0.46733652178002827,13,0,1,1
94,42.39832749282273,1.818071962924986,31.72675205165136,272.709504502909,0.11385540252217763,10,1,1,1
78,81.55943465535495,0.26269523307769616,35.085232005791035,217.74630442626398,0.6246334511238368,8,1,0,0
107,34.96349988460187,0.48503463605960173,36.94266965944554,175.06598158392038,0.32779138526164786,4,1,0,1
75,45.89433891233949,2.044924053387821,30.69424669711051,157.15671110517405,0.5052288215286013,12,0,0,0
62,54.034915089313344,0.7503071948109957,32.81046021102902,140.64461821721744,0.9618229135754356,10,0,0,0
79,60.6088302947564,2.880950156481635,35.60049678089412,252.35963827553945,0.45913178587819126,5,0,0,0
83,39.392778593206415,3.4783783487726025,31.42824944240229,177.3081013646056,0.855821445997984,9,1,0,1
113,29.186945979136283,4.022874825634506,33.885594645116,202.25509244015024,0.269686545174326,5,0,1,1
115,68.8496033953306,1.0807361967995697,35.131499072207724,198.46509600023637,0.705214448222526,4,0,1,1
92,43.09044425922046,0.9206646530694419,34.311898151821254,215.45580584662625,0.9793062589950491,10,1,0,1
83,66.49905771380898,0.6123824176385613,31.316173142307914,273.1154291249104,0.19170379078564312,5,1,1,1
111,32.34901722193619,3.21850822276382,32.48769198080018,296.1478687166859,0.10748794800447281,5,0,0,1
70,58.4912081483854,3.561731059785816,35.48654249139778,181.5168417147634,0.4902245133693529,8,1,1,1
108,62.60715460412687,0.254772109645646,33.879585598924116,265.5037844212606,0.1833629347462305,8,1,1,1
67,24.145882945794153,4.68744000659408,30.03660729480039,252.90555893094353,0.7735459147086082,10,1,1,1
95,46.92834225551365,0.35465928989221485,35.326935320196654,214.70579029111465,0.923093797463703,4,1,1,1
97,30.75317415511794,2.7523520429752457,30.24717948458167,291.20942872238663,0.49061887543788296,11,0,1,2
99,25.06999763782142,3.5743965453094906,35.22013647911862,140.09490310568054,0.3328404779398969,6,1,1,2
79,99.19681859119562,4.36774870635582,31.417363921156664,121.85284206192428,0.49096298710594877,7,0,0,0
94,45.788307597977834,3.5990259674488967,36.70651436083566,270.79239339108443,0.751103036065001,12,0,0,1
107,84.7899556683708,4.02846760704198,32.57558525911459,187.82996332674966,0.10814874542233388,7,0,1,1
84,40.37125238110111,1.76330594345975,32.288521314366555,269.3937708414121,0.6305085905362274,13,0,0,0
94,74.52021777791434,4.09264305735791,31.042216352327113,278.618041039083,0.6519625163986411,8,1,1,2
84,80.81822879117493,0.49256274728490823,32.139229508431505,112.4915187238143,0.6739194222063419,10,1,0,0
88,67.65109924862755,4.484601614696586,36.13655533279741,276.6929525972121,0.3178198719827895,7,1,1,1
77,57.72609508401267,2.7832026431533077,36.97434036339073,189.66381107388443,0.742647451040314,4,0,0,0
105,52.947273131781486,4.104759072816219,32.57816671354794,202.08649780084644,0.18225233769859878,12,0,1,2
77,47.90946132343962,2.316359594139671,33.1402744166818,225.31850221864204,0.27934330282012076,7,0,0,0
61,94.36233153982607,3.2535307064629726,35.05449656741916,285.2765213460174,0.8897230419890337,12,1,1,2
113,86.44955262301833,2.679373038586955,36.203370463255524,103.82321888595281,0.7648508356539098,9,0,0,1
94,97.20215285332101,3.6847886566011265,34.151310339307486,195.36869366356342,0.11237099861021073,4,1,1,2
75,29.943777878843576,0.499986911949889,32.7406798872448,237.54440848611213,0.3235386343328202,6,1,1,1
100,78.46939801629154,0.3957252115537626,32.888352885940364,244.5413915396457,0.2929658346938481,5,1,1,1
95,95.06723654568303,1.3108058466497177,34.869327025477645,238.5064863074216,0.34372569523327534,12,1,0,1
92,34.498645293252814,0.881768932554623,30.022527845229952,126.88702588162437,0.3228037932518978,4,0,0,0
63,25.3197013893422,4.371739476301788,34.337125362218885,159.87911767433624,0.15627366616856117,12,1,0,1
92,79.28965194320472,1.1741485380544172,32.4884510730895,171.7431050834027,0.5130464649371383,12,0,1,1
73,65.95784905439295,4.8817397535137435,35.559381318939586,260.88744153590096,0.7594601273075486,11,1,0,1
80,87.34630214066176,1.7507893796784237,30.650934478761926,155.7519744829106,0.6460585522456928,11,0,1,1
107,31.18179013010316,0.9923777868746265,34.11741586863873,142.14099277344064,0.7055845017382718,4,0,0,0
79,83.62138494879122,3.969522684998148,33.36681022920287,291.48960380761923,0.17303426068261524,11,1,0,1
115,36.13018560381956,3.3276680999542934,34.49627868133659,101.77265702269378,0.9563416391591085,13,1,0,2
67,33.09247542925636,2.5411590106203814,30.45397516138078,299.56417113639566,0.8546426504587223,6,1,0,1
66,33.14126383447943,2.8212813995943935,34.05988651199692,235.3642597714791,0.8245812866460964,10,0,1,1
62,85.16597761851057,3.624088713534093,33.930392115716664,265.69385988982344,0.8406854245375908,4,1,0,1
76,73.215777655696,1.2194282325233639,33.9246206609132,158.92387926923863,0.9394394573194852,4,1,0,0
92,61.845233981529546,4.982036188678036,34.22441366617518,102.863055533412,0.589828569502328,13,0,1,2
107,48.7064387298802,4.876486494519237,34.73527556058453,247.57390371230602,0.2802538160808633,8,1,1,2
71,90.17604326504866,3.286595863099991,35.634922997765386,266.8289194001352,0.655105247067287,8,0,0,0
118,51.395608593810834,1.0777580095528112,31.8887450408975,248.09522639070383,0.7685933443011451,11,1,0,1
110,85.32795515772617,3.4331183879133276,35.775345871260434,128.57005746016773,0.7641256540186229,10,0,1,1
81,55.13079268561747,0.4537722039979617,33.48778977584418,250.68558445139382,0.5693041217501921,11,0,1,1
114,50.155554353992606,0.25019726080844973,30.53940795394032,253.7845564215282,0.16161284740022025,9,1,1,1
81,57.01438285356851,1.3626461537049472,30.409856504707854,231.70810313401097,0.4340016445871151,9,0,0,0
105,44.110229933131365,2.36685248802265,32.33966823087243,253.22318655911724,0.9286899476170216,5,1,0,1
89,79.80875041410009,4.354535276501064,35.49427883978027,269.1842879355464,0.6260040187816834,9,1,0,1
97,60.217631207398334,3.6631284418549095,34.95376654318641,222.7208228474917,0.5844987489301421,8,0,1,1
97,38.57701561174538,3.7392619538799075,35.52030475270684,117.72094279393582,0.34196816294397414,6,1,1,2
104,91.96596586196547,2.1849173387955694,33.62088339509127,197.5255619334422,0.43160402792492103,9,0,1,1
110,50.711297709856915,1.7950814634801184,33.08139298568843,115.529866934321,0.9058114802378523,11,0,0,1
113,63.48422888911909,1.9180899386245533,31.03216768694399,181.50860620648615,0.6998167427741522,12,0,1,1
67,92.51776887716376,4.939482862306684,32.297349275265184,181.42129782512552,0.8086483240770995,4,0,0,0
86,69.93903967311937,0.2965350379211642,33.038135563217125,113.20196882804831,0.5089108807608896,6,0,1,0
86,29.351843256669127,4.348454330999998,30.620203007757322,169.76410679389585,0.6672224975105421,6,0,0,0
93,95.18656988907802,2.935509502004728,31.54428366897848,122.19961975826297,0.3235452478688868,11,0,0,1
80,70.21664424571343,2.2492155540289933,34.18757705844617,261.6470420018444,0.7349147472551376,4,0,1,0
89,46.79244917256689,3.6537625360341695,35.14964179967433,289.53760519289415,0.4848412003330036,8,1,0,1
92,31.141765813070982,2.4846778129810443,36.98843257975065,114.46329505158772,0.49829096333327105,6,1,1,1
87,83.52201514162368,4.379773866600137,36.531793319404905,291.0230414583403,0.6843900921191934,5,0,0,0
106,69.60582047428107,4.513439133655167,34.49795639674634,204.51531986734904,0.942652559322034,11,1,1,2
92,62.67688735810572,2.166432541679932,32.9487363730585,159.91313559077477,0.15760571194775885,6,1,1,1
64,91.51140664407662,1.456456206451753,34.45324155295763,115.37241505523271,0.8422689136123068,10,1,0,0
119,83.08777689796246,3.002516610107475,35.499561326561626,200.12485361408358,0.36314479937097377,4,1,1,2
107,32.1339903786201,4.5705803935217855,30.82835333646371,258.90310889814975,0.49952750905574006,9,1,0,1
78,44.93776542364386,1.1322447261277664,32.86933422787402,241.41729545333962,0.11972199589750807,6,1,1,1
63,39.87913118515726,3.152536259461066,35.87861599944932,110.04520229279476,0.37094147005088174,11,0,1,1
94,79.51570340581415,3.194645078453351,32.68683066353131,114.5803670735807,0.5523681183671174,9,1,1,2
108,22.682594778862352,3.692253809834877,34.003105898590306,180.5746565265274,0.15055846961269512,5,1,1,2
76,65.59117478970532,0.744681657123573,34.114385526035385,159.05809880958867,0.5419861564448486,9,1,0,0
103,80.99669485925524,3.607542326942234,31.291333771935477,146.47686461120958,0.9343995659725846,10,1,1,2
87,90.14125094093995,4.554259351261641,32.53564809156602,156.20089978174272,0.1948538962970247,8,0,1,1
89,47.366539897272595,0.9804472334641857,32.341579021193525,260.69654865937696,0.7879966552679539,6,0,0,0
88,85.70058437376103,1.2639622921270006,30.183376959724452,285.84561072637075,0.46870394803839344,7,0,0,0
105,28.850538956416578,4.859835960804034,30.169342347239485,181.0205389055133,0.6896563430719043,7,0,0,1
112,87.71618333876145,0.9867870682764999,35.82187930573041,281.2222004264994,0.33421293818670644,9,1,0,1
65,30.199092986558593,4.286486957510938,31.911495669809685,164.2991402495764,0.24354303628722246,13,0,0,1
94,51.78298324482938,2.512161496595371,33.62655136367171,195.28739726875833,0.2444163528441038,4,0,0,1
119,83.78362926236429,1.3114322645755676,32.09107901512141,145.20579956319995,0.1634427510788302,7,0,1,1
100,31.993394187901902,4.366674516235306,36.584754715807385,228.0952084351688,0.2670820344111187,13,0,0,1
96,38.34011161861132,2.281995749513061,31.815077312060417,295.79622303496177,0.6977974464900715,7,1,1,1
83,77.7802054714453,2.622605034255482,33.00759768917254,220.69861920867572,0.8935215506591573,13,0,0,1
88,77.60292292368595,1.8602435100588521,36.10911175339221,171.56281682270978,0.8327131170320456,4,1,1,1
108,71.29181063082379,3.0054591720311445,35.893534967542664,229.56348919810569,0.7166208788870356,12,0,1,2
105,75.515875557368,0.9012669756666116,31.302709924923942,124.58413569307751,0.19938867706999241,7,1,1,1
112,63.417955467807694,2.0162995295936277,35.61850316856997,277.73181605307974,0.36026870166635483,10,1,0,1
90,40.14392471255622,4.850120379442909,33.20730820716525,200.61679015596727,0.37882618779022215,6,0,0,0
94,47.65567948031355,1.3648538202355252,33.380782104597486,189.8699484079284,0.3249612517578591,13,0,0,1
119,34.527817344114055,3.318009656252332,30.934359806911605,217.17295769070384,0.5635050937387508,6,0,0,1
92,92.67604490669027,1.6934313147010052,30.564210596299873,224.9567725578805,0.5819984333917053,11,0,1,1
111,66.67134358128963,3.8900183158643435,35.09557514881636,114.35516124530261,0.4211973776539992,11,1,0,2
80,52.06811334109119,0.7412809375199142,33.4752280664871,236.5234442446805,0.4184102428627924,4,1,1,1
91,56.96046429153061,4.852123120884869,33.05795491830626,148.38633606310592,0.8457000381154732,13,0,1,2
82,95.78266716894522,2.3235687527798325,35.106557600566774,242.79052650131797,0.810363563487717,5,0,0,0
92,32.26811224928642,1.2566472703976737,35.35859029293777,264.50695887683935,0.3770162485126711,11,1,0,1
62,66.89838656134378,0.4601340619170621,31.112357173685474,260.791701510504,0.9224095994859334,4,0,0,0
77,60.47109431075728,0.9318137349289497,34.27157604634349,210.5001934815778,0.9575335153022554,11,1,1,1
84,68.91633883477184,2.646892347924487,30.947478575943798,204.03397846215023,0.39406828782703673,11,0,0,1
101,21.44881470566724,1.7513155645133032,35.25962560220332,128.57519226788236,0.41898245391374944,5,1,1,1
90,89.76991271553212,4.161528492824786,34.59868609386998,255.0692300806271,0.5550707380797629,7,1,0,1
113,94.56946259868899,2.2113488659428495,36.69630234758421,154.28187608934286,0.9470087312803062,9,1,1,1
117,65.21065468713672,1.3186999356793867,30.48270611449495,199.33908456358932,0.8886874898280803,12,1,0,1
62,75.73206591015138,3.1240104343597475,30.39938304805878,156.85481858550332,0.19231116632523082,11,1,0,1
99,93.79995049418366,3.563208362738685,31.975309522852402,126.76567259993863,0.45345766894427464,11,0,1,2
105,76.57909074507188,0.9185053487146544,31.83193978615134,225.9115393783473,0.5980340707747946,10,1,0,1
83,32.20312343314091,0.9213341598127566,31.728851593504,110.86640696458076,0.552819225296386,12,0,0,0
109,66.10306881334506,0.2796899919743606,36.343782063647254,249.72904682524,0.2744767611432034,5,1,0,1
91,68.53720371062848,3.708369873821639,31.746823398946542,163.51735905222333,0.8729350940513392,6,1,0,1
106,53.93045370419088,3.3526421853468453,31.903648082900418,100.02693860089707,0.7092467046971536,13,0,0,1
81,78.91553884997782,2.4256912911740884,35.31578783692574,202.22582784744594,0.8541175373666232,11,0,0,0
82,94.74936118152118,4.2364351999490655,33.14817889715378,109.37038170552063,0.872887851414525,9,0,0,0
61,94.04548103254211,4.04778374945526,35.43697389868627,155.2339115641799,0.7735202682991658,13,0,1,1
86,56.06714971233057,2.9682363855440856,30.457563102950697,241.39529749114322,0.49528954112474566,12,1,1,2
101,29.05904366726042,4.3545292745149675,33.41299835571369,112.53792432437317,0.6494920795138821,13,0,0,1
61,98.78729591698676,1.1086219291801647,30.235295201282977,267.86769847120047,0.24432886550776883,7,1,0,0
85,87.11184691567473,0.6484061350488666,30.43857242418748,100.76398453171662,0.7062808757274169,11,0,0,0
76,29.97301449626135,1.4217730964332493,36.345062173410874,149.36477384038045,0.2613279301653527,13,0,1,1
99,93.66735060938979,0.3797255948376428,30.974717597823165,248.1808112304143,0.7245546314591411,6,1,1,1
92,89.59170896497027,2.702730687205057,33.72694477592652,163.25402994586136,0.3066383446785718,6,1,0,1
68,61.50704457008577,4.689367892245311,32.87766921820494,120.3784776132027,0.20579617013519796,11,0,1,1
102,67.30203485959434,0.29278334927569727,32.431403283811896,172.0467837600856,0.2487560411286617,8,1,0,1
113,51.920216309610424,0.6983385786491313,36.298833419810904,154.07865727690512,0.10179292169716325,6,1,0,1
107,24.380931105762507,2.315775238588833,30.152763777428426,268.542380432111,0.7468656560681772,13,1,0,1
98,46.815779331672076,4.675987585886734,34.64652780322913,162.66958351702863,0.7591609441525412,4,1,0,1
88,84.22827588784091,1.6491649143860776,36.743761039494856,257.78649435520146,0.5634400149219335,6,1,1,1
101,20.37056184036823,2.585450562573123,33.9211772842329,278.3744289621469,0.24522652094984534,12,1,1,2
114,46.679933735291534,0.3037070093469213,36.557757234231644,186.76348391530593,0.17519890375962077,8,1,0,1
85,51.85349548727547,0.8268816847142354,30.365805155002167,281.9886287708784,0.11721606979355831,13,1,1,1
94,62.99164823503383,4.93448760249835,32.93155323351913,175.46361079263858,0.24917335926869866,5,0,1,1
109,93.58844931302085,4.829081612536623,31.821104536734357,292.81568329802167,0.901769981484832,10,1,0,1
84,47.707679549276904,0.12420590657860713,35.11574675486511,117.8579049051146,0.3173831575315136,5,0,1,0
83,47.75625615169822,4.763877748573871,36.86907963348072,237.40385330064854,0.41884419449549415,7,1,0,1
72,79.00009984877987,3.231687695295952,31.795710437109733,198.76280809138575,0.19481093603319988,10,1,0,1
119,56.17743527118457,4.352799643148108,34.57922221031852,177.52976109112942,0.3001251742733533,7,1,0,1
117,37.96838583519856,2.32822529260591,31.386683429318182,226.54237574972018,0.5673021137021846,10,1,0,1
66,56.195161290615474,2.6264205400383265,33.95731178200127,240.77141832686624,0.6469774147860873,10,0,1,1
116,31.26856163038399,2.4953482432589094,33.24752740681836,100.87265393006182,0.32081708274959,4,0,0,0
95,34.110958920497865,3.3676348619759118,36.80403730742076,133.39061774943974,0.1519589433026055,9,1,1,2
104,59.869421819158376,0.7842911483059333,34.259690908875264,242.60921012686373,0.45192958221465884,12,0,0,1
79,53.514035960363834,0.246870590376122,32.44654460460773,233.27708271564128,0.31078303383370076,5,1,0,0
60,93.187672085448,1.6088567137968357,30.798670494215532,293.20950102573545,0.29759853090682176,6,1,1,1
67,48.99151192933065,3.552935737409569,31.058727801144542,252.2075580501566,0.9638765224421098,13,0,0,1
105,66.44706802224349,1.0890819154024471,31.577218509658646,290.15454154626764,0.6546704373331517,8,0,1,1
75,70.58114303356243,3.399818923292095,31.756766629382085,240.50810030696138,0.6011905988548863,12,1,1,2
73,21.04755652706669,4.852569025925625,35.954312404887965,159.61044172788863,0.47419759317098975,7,1,0,1
71,73.08298976133685,0.5601135073681501,33.928559517977675,121.07298445017129,0.4860499000871299,4,0,0,0
110,34.24287734958011,3.395750379303119,33.663736379620566,256.36477266898714,0.5868145034542728,7,1,0,1
82,96.88562539755641,2.2743760745923987,30.803382103084523,228.8298442951832,0.7267868263324965,9,0,0,0
74,31.893018220249036,4.353897046449776,36.02097785344604,109.63720247865925,0.7319314865636465,8,1,0,1
87,53.1699298981619,0.968033968292191,35.05970012245939,172.01009318019567,0.25452451693490463,4,1,0,0
93,26.82797344629151,3.4938671659082066,30.47367853330001,291.3599630968572,0.5501014768689643,7,0,1,1
61,99.74994014767579,4.20676491927574,34.95484568060838,200.08022914204025,0.47076228553069177,9,0,1,1
91,60.175600826499405,4.728609675422714,33.804767521398524,186.54582720394092,0.8834742696424458,13,0,0,1
82,67.6308013856035,3.4479153386192647,30.572077420227448,191.5399210318588,0.6682770290965387,13,1,1,2
81,25.3661181910742,2.536156343641294,33.20810449070059,141.77654480103274,0.5792536597743836,7,1,1,1
110,79.99683763193423,3.1274514769859483,33.39287400991033,173.74143417295903,0.20385517796102565,12,1,0,2
84,36.792447447646865,4.357634423945719,31.16042178114293,173.96265119743532,0.6450741003910703,8,1,0,1
117,91.84434315525709,2.8959877585302656,36.61988702900197,110.47100403749448,0.20548351511221008,11,0,1,2
81,36.41117123856057,0.24889659251450064,35.949827600364635,253.51352570358364,0.4034859180091769,12,1,0,1
117,35.255017653093326,4.6616486079841915,34.68315636130376,183.3008863807758,0.2285577683328987,13,1,1,2
117,22.923973427847592,3.47868108005465,33.236068927004254,264.4359773632847,0.7228662823219321,8,1,0,1
81,57.765355608799936,3.4149155903085084,32.88235879109156,270.0696002239791,0.28562690245253736,9,0,1,1
108,65.18729066100931,1.1568082467488143,34.55681427005668,142.39881093973162,0.4526734358692234,4,1,1,1
111,25.25669115426819,3.328538804140021,33.81802308584834,231.4706964340257,0.9061072998569007,10,1,1,2
101,82.04220933560084,2.029935587705377,30.4359117411732,194.45636083259635,0.28388474505907324,7,0,1,1
65,56.26310677984221,3.2910415875033117,33.58751854139232,276.031347584297,0.5570245575629013,5,1,0,1
74,61.951221546206405,0.6223058485091546,35.64482532062988,143.14813583529082,0.4773444950494198,8,1,0,0
113,55.26101975505825,3.323441992554877,33.21467914317871,235.56264006200885,0.11631163694115676,6,0,1,1
102,52.06104487002608,4.997127256276266,30.36369604287988,221.5504244505445,0.8134823022155315,9,1,1,2
119,64.77122650465743,0.33623899041672456,35.50394739568823,159.06029551436654,0.16214131568313978,11,1,0,1
96,32.419219674457,4.888153502684455,31.40954647495182,127.32018073023453,0.5268295188792582,10,1,0,1
92,34.55425043962169,2.093849007542066,31.810345844216272,230.32795209545532,0.6046104654450549,6,0,1,1
67,88.94284968108138,4.366691906652569,31.15294447402607,247.71949162646615,0.6655838109531284,11,1,1,2
112,95.68923697069062,3.9336888718855403,32.311505454100484,163.12546875267,0.719768466377088,5,1,1,2
119,49.864745302380236,2.8783796788346727,35.29726053982044,228.96652080446276,0.3279451451704436,13,0,1,2
103,41.6595738514843,3.7184011253315004,33.63570101652756,179.02618152230065,0.10898089899260444,12,0,1,2
103,71.51996345912126,4.404726250376605,31.434168919054986,242.64137665652353,0.7510992961194207,7,1,0,1
64,52.698733687847714,2.0802875760900617,36.14481054706429,139.8430549788106,0.5820909394128208,4,1,1,1
98,22.03090845282759,1.7024624916598698,36.1570729846607,278.0430005272349,0.8525059328865239,11,1,0,1
63,32.49220778929523,3.3712075892615654,36.094048975322046,157.48191929311594,0.8392495266106248,10,1,0,1
65,77.2777783077918,4.058445115512167,31.671573479670776,173.5571975512306,0.8589935510090948,8,0,0,0
104,72.71391535281211,3.8351971604054174,33.15867540926692,111.61839041606996,0.5365851939815861,13,1,1,2
91,22.16767940027868,4.009286879407309,36.89492759298612,122.30244246425528,0.40026555625317906,8,0,0,1
111,37.75777295463595,2.234358242583372,35.40408733416993,203.17238054246562,0.8124023823322329,10,0,0,0
89,38.48598372704571,4.107387659257606,30.190171948578918,153.5185353455943,0.5061647017263294,8,1,0,1
106,73.75141948789827,0.6890243713159814,30.456432138823445,267.09604514843886,0.2650979767630911,11,1,0,1
94,21.57684302034913,2.767996580008163,33.24751963768633,102.93867773099078,0.8694766176053269,9,0,1,1
114,28.32868655876591,0.1282174364407957,36.36454144103092,175.81880973438723,0.8943038890951125,8,0,1,1
99,83.99328682985515,1.6904705665113247,33.770912585669,167.46910935381854,0.5196787805261531,12,1,0,1
111,34.28357296434669,1.8956615208698497,33.48468755624003,103.8655261835202,0.16812975457880874,5,0,0,0
75,72.21968862814998,2.0412461888853515,30.738315899696413,124.87367980010205,0.44904348092523816,4,1,1,1
72,39.05462248373812,3.507789312780325,34.59746073307006,182.72853498372706,0.823183893516343,11,1,1,2
109,27.955311420747613,2.003934696224694,35.75472212420158,198.5729168894893,0.9115966256916058,6,0,1,1
119,39.453775279956325,2.2985987508504007,32.66294005255293,180.85794945097382,0.28312546824783624,10,0,0,0
101,77.78135454845273,1.2639662412842048,35.429282956477294,206.18753568241877,0.16027625082274438,13,1,1,2
89,88.45571744850287,1.9289337789837666,36.75133657730568,219.0263349811363,0.8896154078195548,11,0,0,0
78,86.41758916535933,1.2136211735894424,31.426365213893824,101.98476422556712,0.4504644450809878,9,1,0,0
76,51.77468236947639,0.45866002646537385,33.66330741836319,192.81903189070078,0.587584867840807,13,1,1,1
115,73.44681092565169,3.056898107568752,32.00996570659203,292.69984817751765,0.971259230845683,12,1,0,2
78,36.39874363326568,3.37424271291958,35.549980933236874,203.80645602590974,0.15990825512280057,10,0,1,1
87,43.45181842088106,3.1355026954471112,34.043153561168104,235.50845349179065,0.683486206706886,13,1,0,1
117,91.70686548168958,2.3711208146228047,34.442076922852124,162.37277158337665,0.1666948803173804,8,1,1,1
114,21.04015388085888,1.9609503228782263,35.585399117311255,254.7982756305525,0.4379220356198503,11,1,0,1
85,26.840682468357446,4.330334882901943,32.771793308637186,254.584296375223,0.8234330906741021,5,1,0,1
96,36.630900411682184,2.6435007471674687,36.405630478849304,204.25920953082777,0.490125009480071,10,1,1,2
85,22.122576309905575,2.447991200385682,33.73120207072298,295.2027646558427,0.9974641185126554,7,1,1,1
112,34.51483480718379,0.2256461224515349,31.105683759847437,125.11004295253068,0.6031533564519419,12,1,1,2
82,66.64332487757537,1.7721143553681664,34.87129382718162,103.3895329779162,0.38904593737235815,4,1,1,1
68,53.713964047399834,1.9629585320507,35.55282945306778,254.0316423514192,0.29810019331427784,10,1,0,0
71,91.41373688615799,2.0542316263948126,32.217331739472684,261.4311074729765,0.4154684808575456,9,1,1,1
112,85.39548493907527,2.9428446092139287,36.00025479899127,124.04144582411524,0.4352799463835958,11,1,1,2
60,47.34538813583008,2.7146524789617046,36.34300278336036,153.1165665917212,0.1618423099515649,8,0,0,0
117,40.7538746745034,3.078734954687879,31.93833141164466,103.51047267332578,0.4326167794840958,4,1,1,2
117,50.375392653381354,3.847927981556429,36.88465030900655,158.66172215611294,0.5178146677653025,4,1,1,2
60,67.22359540118461,4.083630119708858,30.98498069634131,254.6283747837343,0.7504639770149242,12,1,0,1
106,41.4450912658301,3.618803073509823,31.41410967881743,203.59210554251578,0.6910565362494472,13,0,1,2
93,69.93191262793073,4.78206611017918,31.289573874666182,169.61911863365762,0.7378890897062388,9,1,1,2
91,52.752932175299236,0.189339655114172,36.25792797005509,174.34785898126606,0.1075273136891714,13,0,1,1
113,64.16377446815842,1.059312129849376,34.58004786627473,100.27072514309363,0.29590065962248246,8,1,1,1
107,54.890122330825335,0.1370580873928964,31.06472998255591,159.96010551304718,0.6955158595598708,4,1,1,1
84,43.55726076335341,3.272626099357555,33.08226392857844,229.2917483275861,0.5355904313617724,9,0,1,1
99,95.87626455697253,4.500349689854936,34.307086175488614,294.8388887632714,0.10478212810151136,9,1,0,1
104,81.08846353278086,1.2930632532238666,30.584248594925683,269.41216539677987,0.8240451781886401,6,0,1,1
112,31.209054061316202,4.642469269501903,36.176914578851374,104.71899292910582,0.7955286159613036,11,0,0,1
60,89.47743807183302,0.39531021241884823,35.625224748090744,279.71212093496786,0.5935772466942064,4,1,0,0
75,58.99449585996109,4.67873653134702,33.53644741503647,256.63968265972517,0.15981699319864492,4,1,0,1
98,91.56417815152732,1.822951167474209,36.76988630681419,256.0752247141961,0.7898635445793262,9,1,0,1
64,83.98842047578522,0.596962059401161,32.924326854925695,191.5991518007143,0.6253422289582276,13,1,1,1
81,54.017080357538674,2.480771620012996,36.88877223325549,179.60105859090055,0.8037639794421633,4,0,1,0
88,21.797544665609394,1.358205181830489,34.67543999162539,160.58314576663852,0.7765722931562564,9,0,1,0
114,41.494188750795686,1.495877219613422,34.44269891277759,113.13897179087316,0.8227018647620534,4,1,0,1
62,63.330737172869355,1.6057208281388045,31.161684267070495,145.6470726987398,0.5662072597641623,9,0,1,0
71,70.67825758609177,4.034826899380051,36.173494308132504,149.32072699560493,0.2262920663741635,6,0,1,1
85,40.631014834656185,2.7418902557087472,32.99242781544431,196.81541394204032,0.7040417260417198,11,1,1,2
